name,city,country,website
Bangkok Patana School,Bangkok,Thailand,https://www.bangkokpatana.ac.th
NIST International School,Bangkok,Thailand,https://www.nist.ac.th
International School Bangkok,Bangkok,Thailand,https://www.isb.ac.th
Shrewsbury International School Bangkok,Bangkok,Thailand,https://www.shrewsbury.ac.th
St Andrews International School Bangkok,Bangkok,Thailand,https://www.standrews.ac.th
Harrow International School Bangkok,Bangkok,Thailand,https://www.harrowschool.ac.th
Rugby School Thailand,Chon Buri,Thailand,https://www.rugbyschoolthailand.com
Regents International School Pattaya,Chon Buri,Thailand,https://www.regents-pattaya.co.th
Garden International School Bangkok,Bangkok,Thailand,https://www.gardenbankok.com
Bromsgrove International School Thailand,Chon Buri,Thailand,https://www.bromsgrovethai.com
Dulwich International High School Suzhou,Bangkok,Thailand,https://www.dulwich.org
KIS International School,Bangkok,Thailand,https://www.kis.ac.th
Ruamrudee International School,Bangkok,Thailand,https://www.rism.ac.th
Bangkok International Preparatory & Secondary School,Bangkok,Thailand,https://www.bkkprep.ac.th
Concordian International School,Bangkok,Thailand,https://www.concordian.ac.th
Prem Tinsulanonda International School,Chiang Mai,Thailand,https://www.ptis.ac.th
Chiang Mai International School,Chiang Mai,Thailand,https://www.cmis.ac.th
Lanna International School,Chiang Mai,Thailand,https://www.lannaist.ac.th
Grace International School,Chiang Mai,Thailand,https://www.graceinternationalschool.org
International Community School,Bangkok,Thailand,https://www.ics.ac.th
Wells International School,Bangkok,Thailand,https://www.wells-school.com
Verso International School,Bangkok,Thailand,https://www.verso.school
HeadStart International School,Phuket,Thailand,https://www.headstartschool.org
British International School Phuket,Phuket,Thailand,https://www.bisphuket.ac.th
Kajonkiet International School Phuket,Phuket,Thailand,https://www.kjisp.com
UWC Thailand,Phuket,Thailand,https://www.uwcthailand.org
Phuket International Academy Day School,Phuket,Thailand,https://www.piads.org
Thalang British International School,Phuket,Thailand,https://www.thalangschool.com
QSI International School of Phuket,Phuket,Thailand,https://phuket.qsi.org
Windmill International School,Phuket,Thailand,https://www.windmillinternational.com
St. Andrews International School Sathorn,Bangkok,Thailand,https://www.standrews.ac.th/sathorn
Niva International School,Bangkok,Thailand,https://www.nivaschool.com
ELC International School,Bangkok,Thailand,https://www.elcbangkok.com
Siri International School,Phuket,Thailand,https://www.siriinternational.com
Mount Rose International School,Bangkok,Thailand,https://www.mountroseschool.com
ISB International School Bangkok,Bangkok,Thailand,https://www.isb.ac.th
American School of Bangkok,Bangkok,Thailand,https://www.asb.ac.th
New International School of Thailand,Bangkok,Thailand,https://www.nist.ac.th
Bangkok Christian International School,Bangkok,Thailand,https://www.bcis.ac.th
VERSO EDUCATION INTERNATIONAL,Bangkok,Thailand,https://www.verso.school
Clifford International School,Chon Buri,Thailand,https://www.cliffordschool.net
Rayong International School,Rayong,Thailand,https://www.ris-thailand.com
Olympia International School,Rayong,Thailand,https://www.olympia-school.org
Eastern Seaboard International School,Rayong,Thailand,https://www.esisbangkok.com
Int'l School of Chonburi,Chon Buri,Thailand,https://www.isc.ac.th
Panwa International School,Phuket,Thailand,https://www.panwa.ac.th
Hua Hin International School,Hua Hin,Thailand,https://www.huahinternational.com
Thai-Chinese International School,Bangkok,Thailand,https://www.tcis.ac.th
International School of Samui,Koh Samui,Thailand,https://www.internationalschoolofsamui.com
Pan-Asia International School,Bangkok,Thailand,https://www.panasia.ac.th
Denla British School,Bangkok,Thailand,https://www.denlabritishschool.com
Bangkok Prep International School,Bangkok,Thailand,https://www.bkkprep.ac.th
International Pioneers School,Bangkok,Thailand,https://www.ipsbangkok.com
St Dominic International School,Bangkok,Thailand,https://www.stdominics.ac.th
